x-axis,TITLE2
-2.500000E-06,+603.278934956E-03
-2.497500E-06,+56.545257568E-03
-2.495000E-06,+603.278934956E-03
-2.492500E-06,+56.545257568E-03
-2.490000E-06,+603.278934956E-03
-2.487500E-06,+56.545257569E-03
-2.485000E-06,+56.545257569E-03
-2.482500E-06,+56.545257568E-03
-2.480000E-06,+56.545257568E-03
-2.477500E-06,+1.150012612342E+00
-2.475000E-06,+603.278934956E-03
-2.472500E-06,+56.545257569E-03
-2.470000E-06,+603.278934956E-03
-2.467500E-06,+603.278934956E-03
-2.465000E-06,+603.278934956E-03
-2.462500E-06,+56.545257568E-03
-2.460000E-06,+603.278934956E-03
-2.457500E-06,+603.278934956E-03
-2.455000E-06,+56.545257569E-03
-2.452500E-06,+603.278934956E-03
-2.450000E-06,+603.278934955E-03
-2.447500E-06,+603.278934956E-03
-2.445000E-06,+56.545257568E-03
-2.442500E-06,+603.278934955E-03
-2.440000E-06,+603.278934956E-03
-2.437500E-06,+603.278934956E-03
-2.435000E-06,+603.278934956E-03
-2.432500E-06,+56.545257568E-03
-2.430000E-06,+603.278934956E-03
-2.427500E-06,+603.278934956E-03
-2.425000E-06,+603.278934956E-03
-2.422500E-06,+603.278934956E-03
-2.420000E-06,+603.278934957E-03
-2.417500E-06,+56.545257569E-03
-2.415000E-06,+603.278934956E-03
-2.412500E-06,+1.150012612343E+00
-2.410000E-06,+603.278934956E-03
-2.407500E-06,+603.278934956E-03
-2.405000E-06,+56.545257569E-03
-2.402500E-06,+603.278934956E-03
-2.400000E-06,+603.278934955E-03
-2.397500E-06,+603.278934956E-03
-2.395000E-06,+603.278934956E-03
-2.392500E-06,+603.278934956E-03
-2.390000E-06,+1.150012612343E+00
-2.387500E-06,+603.278934956E-03
-2.385000E-06,+603.278934956E-03
-2.382500E-06,+603.278934956E-03
-2.380000E-06,+603.278934956E-03
-2.377500E-06,+56.545257570E-03
-2.375000E-06,+603.278934956E-03
-2.372500E-06,+603.278934956E-03
-2.370000E-06,+603.278934956E-03
-2.367500E-06,+603.278934956E-03
-2.365000E-06,+603.278934957E-03
-2.362500E-06,+603.278934956E-03
-2.360000E-06,+603.278934954E-03
-2.357500E-06,+1.150012612341E+00
-2.355000E-06,+603.278934956E-03
-2.352500E-06,+603.278934956E-03
-2.350000E-06,+603.278934956E-03
-2.347500E-06,+603.278934956E-03
-2.345000E-06,+56.545257570E-03
-2.342500E-06,+1.150012612343E+00
-2.340000E-06,+603.278934956E-03
-2.337500E-06,+603.278934956E-03
-2.335000E-06,+603.278934956E-03
-2.332500E-06,+603.278934956E-03
-2.330000E-06,+603.278934954E-03
-2.327500E-06,+603.278934956E-03
-2.325000E-06,+603.278934958E-03
-2.322500E-06,+603.278934956E-03
-2.320000E-06,+603.278934956E-03
-2.317500E-06,+1.150012612341E+00
-2.315000E-06,+603.278934956E-03
-2.312500E-06,+603.278934954E-03
-2.310000E-06,+1.150012612339E+00
-2.307500E-06,+56.545257568E-03
-2.305000E-06,+56.545257568E-03
-2.302500E-06,+603.278934956E-03
-2.300000E-06,+603.278934954E-03
-2.297500E-06,+56.545257571E-03
-2.295000E-06,+56.545257571E-03
-2.292500E-06,+56.545257568E-03
-2.290000E-06,+603.278934956E-03
-2.287500E-06,+603.278934956E-03
-2.285000E-06,+603.278934956E-03
-2.282500E-06,+603.278934956E-03
-2.280000E-06,+603.278934956E-03
-2.277500E-06,+56.545257568E-03
-2.275000E-06,+56.545257571E-03
-2.272500E-06,+603.278934956E-03
-2.270000E-06,+56.545257568E-03
-2.267500E-06,+56.545257568E-03
-2.265000E-06,+603.278934953E-03
-2.262500E-06,+603.278934956E-03
-2.260000E-06,+603.278934956E-03
-2.257500E-06,+603.278934956E-03
-2.255000E-06,+56.545257571E-03
-2.252500E-06,+603.278934953E-03
-2.250000E-06,+603.278934956E-03
-2.247500E-06,+603.278934956E-03
-2.245000E-06,+603.278934956E-03
-2.242500E-06,+56.545257568E-03
-2.240000E-06,+603.278934956E-03
-2.237500E-06,+603.278934956E-03
-2.235000E-06,+603.278934953E-03
-2.232500E-06,+603.278934956E-03
-2.230000E-06,+56.545257571E-03
-2.227500E-06,+56.545257568E-03
-2.225000E-06,+603.278934956E-03
-2.222500E-06,+603.278934956E-03
-2.220000E-06,+603.278934956E-03
-2.217500E-06,+603.278934956E-03
-2.215000E-06,+603.278934953E-03
-2.212500E-06,+56.545257571E-03
-2.210000E-06,+603.278934956E-03
-2.207500E-06,+1.150012612340E+00
-2.205000E-06,+603.278934959E-03
-2.202500E-06,+603.278934956E-03
-2.200000E-06,+1.150012612339E+00
-2.197500E-06,+603.278934956E-03
-2.195000E-06,+603.278934956E-03
-2.192500E-06,+603.278934956E-03
-2.190000E-06,+1.150012612339E+00
-2.187500E-06,+603.278934956E-03
-2.185000E-06,+603.278934956E-03
-2.182500E-06,+603.278934956E-03
-2.180000E-06,+603.278934956E-03
-2.177500E-06,+603.278934956E-03
-2.175000E-06,+603.278934956E-03
-2.172500E-06,+56.545257568E-03
-2.170000E-06,+603.278934952E-03
-2.167500E-06,+603.278934956E-03
-2.165000E-06,+56.545257572E-03
-2.162500E-06,+56.545257568E-03
-2.160000E-06,+1.150012612339E+00
-2.157500E-06,+1.150012612339E+00
-2.155000E-06,+56.545257572E-03
-2.152500E-06,+603.278934956E-03
-2.150000E-06,+603.278934956E-03
-2.147500E-06,+603.278934956E-03
-2.145000E-06,+603.278934956E-03
-2.142500E-06,+603.278934952E-03
-2.140000E-06,+603.278934956E-03
-2.137500E-06,+56.545257572E-03
-2.135000E-06,+603.278934956E-03
-2.132500E-06,+603.278934956E-03
-2.130000E-06,+603.278934960E-03
-2.127500E-06,+603.278934956E-03
-2.125000E-06,+603.278934956E-03
-2.122500E-06,+56.545257572E-03
-2.120000E-06,+603.278934952E-03
-2.117500E-06,+603.278934956E-03
-2.115000E-06,+603.278934952E-03
-2.112500E-06,+603.278934956E-03
-2.110000E-06,+603.278934956E-03
-2.107500E-06,+603.278934956E-03
-2.105000E-06,+603.278934956E-03
-2.102500E-06,+603.278934956E-03
-2.100000E-06,+603.278934956E-03
-2.097500E-06,+603.278934956E-03
-2.095000E-06,+603.278934956E-03
-2.092500E-06,+603.278934956E-03
-2.090000E-06,+603.278934956E-03
-2.087500E-06,+603.278934956E-03
-2.085000E-06,+603.278934956E-03
-2.082500E-06,+56.545257573E-03
-2.080000E-06,+1.150012612334E+00
-2.077500E-06,+1.150012612338E+00
-2.075000E-06,+603.278934960E-03
-2.072500E-06,+603.278934956E-03
-2.070000E-06,+603.278934956E-03
-2.067500E-06,+603.278934960E-03
-2.065000E-06,+56.545257568E-03
-2.062500E-06,+603.278934956E-03
-2.060000E-06,+603.278934956E-03
-2.057500E-06,+603.278934956E-03
-2.055000E-06,+1.150012612338E+00
-2.052500E-06,+603.278934951E-03
-2.050000E-06,+603.278934956E-03
-2.047500E-06,+56.545257573E-03
-2.045000E-06,+56.545257578E-03
-2.042500E-06,+56.545257573E-03
-2.040000E-06,+603.278934956E-03
-2.037500E-06,+603.278934956E-03
-2.035000E-06,+1.150012612343E+00
-2.032500E-06,+603.278934956E-03
-2.030000E-06,+603.278934956E-03
-2.027500E-06,+603.278934956E-03
-2.025000E-06,+603.278934956E-03
-2.022500E-06,+603.278934951E-03
-2.020000E-06,+603.278934956E-03
-2.017500E-06,+56.545257574E-03
-2.015000E-06,+603.278934956E-03
-2.012500E-06,+603.278934956E-03
-2.010000E-06,+603.278934950E-03
-2.007500E-06,+603.278934956E-03
-2.005000E-06,+603.278934950E-03
-2.002500E-06,+603.278934950E-03
-2.000000E-06,+603.278934956E-03
-1.997500E-06,+56.545257568E-03
-1.995000E-06,+56.545257574E-03
-1.992500E-06,+603.278934950E-03
-1.990000E-06,+56.545257574E-03
-1.987500E-06,+603.278934950E-03
-1.985000E-06,+603.278934950E-03
-1.982500E-06,+603.278934950E-03
-1.980000E-06,+603.278934950E-03
-1.977500E-06,+56.545257568E-03
-1.975000E-06,+56.545257568E-03
-1.972500E-06,+603.278934956E-03
-1.970000E-06,+603.278934950E-03
-1.967500E-06,+603.278934950E-03
-1.965000E-06,+603.278934950E-03
-1.962500E-06,+603.278934950E-03
-1.960000E-06,+603.278934950E-03
-1.957500E-06,+603.278934950E-03
-1.955000E-06,+56.545257574E-03
-1.952500E-06,+603.278934956E-03
-1.950000E-06,+603.278934956E-03
-1.947500E-06,+603.278934956E-03
-1.945000E-06,+56.545257574E-03
-1.942500E-06,+603.278934956E-03
-1.940000E-06,+603.278934956E-03
-1.937500E-06,+56.545257574E-03
-1.935000E-06,+603.278934950E-03
-1.932500E-06,+603.278934956E-03
-1.930000E-06,+1.150012612337E+00
-1.927500E-06,+603.278934950E-03
-1.925000E-06,+603.278934956E-03
-1.922500E-06,+603.278934949E-03
-1.920000E-06,+603.278934956E-03
-1.917500E-06,+1.696746289718E+00
-1.915000E-06,+603.278934949E-03
-1.912500E-06,+603.278934956E-03
-1.910000E-06,+603.278934949E-03
-1.907500E-06,+603.278934956E-03
-1.905000E-06,+603.278934956E-03
-1.902500E-06,+603.278934956E-03
-1.900000E-06,+603.278934962E-03
-1.897500E-06,+603.278934956E-03
-1.895000E-06,+56.545257575E-03
-1.892500E-06,+603.278934949E-03
-1.890000E-06,+603.278934956E-03
-1.887500E-06,+56.545257568E-03
-1.885000E-06,+56.545257575E-03
-1.882500E-06,+603.278934956E-03
-1.880000E-06,+603.278934949E-03
-1.877500E-06,+603.278934949E-03
-1.875000E-06,+603.278934956E-03
-1.872500E-06,+603.278934956E-03
-1.870000E-06,+603.278934956E-03
-1.867500E-06,+603.278934956E-03
-1.865000E-06,+603.278934949E-03
-1.862500E-06,+603.278934949E-03
-1.860000E-06,+603.278934949E-03
-1.857500E-06,+603.278934949E-03
-1.855000E-06,+603.278934949E-03
-1.852500E-06,+603.278934949E-03
-1.850000E-06,+603.278934956E-03
-1.847500E-06,+56.545257575E-03
-1.845000E-06,+56.545257575E-03
-1.842500E-06,+56.545257568E-03
-1.840000E-06,+603.278934956E-03
-1.837500E-06,+603.278934949E-03
-1.835000E-06,+603.278934949E-03
-1.832500E-06,+56.545257575E-03
-1.830000E-06,+603.278934963E-03
-1.827500E-06,+56.545257576E-03
-1.825000E-06,+603.278934956E-03
-1.822500E-06,+603.278934948E-03
-1.820000E-06,+603.278934948E-03
-1.817500E-06,+603.278934956E-03
-1.815000E-06,+603.278934963E-03
-1.812500E-06,+603.278934956E-03
-1.810000E-06,+603.278934956E-03
-1.807500E-06,+603.278934956E-03
-1.805000E-06,+603.278934956E-03
-1.802500E-06,+1.150012612328E+00
-1.800000E-06,+603.278934956E-03
-1.797500E-06,+603.278934963E-03
-1.795000E-06,+603.278934956E-03
-1.792500E-06,+56.545257568E-03
-1.790000E-06,+603.278934956E-03
-1.787500E-06,+603.278934956E-03
-1.785000E-06,+56.545257576E-03
-1.782500E-06,+603.278934948E-03
-1.780000E-06,+603.278934956E-03
-1.777500E-06,+603.278934956E-03
-1.775000E-06,+603.278934956E-03
-1.772500E-06,+603.278934956E-03
-1.770000E-06,+603.278934948E-03
-1.767500E-06,+603.278934956E-03
-1.765000E-06,+603.278934963E-03
-1.762500E-06,+603.278934948E-03
-1.760000E-06,+603.278934956E-03
-1.757500E-06,+56.545257576E-03
-1.755000E-06,+603.278934964E-03
-1.752500E-06,+603.278934956E-03
-1.750000E-06,+56.545257576E-03
-1.747500E-06,+603.278934956E-03
-1.745000E-06,+1.150012612335E+00
-1.742500E-06,+603.278934956E-03
-1.740000E-06,+603.278934956E-03
-1.737500E-06,+603.278934956E-03
-1.735000E-06,+603.278934948E-03
-1.732500E-06,+603.278934956E-03
-1.730000E-06,+603.278934956E-03
-1.727500E-06,+603.278934956E-03
-1.725000E-06,+603.278934964E-03
-1.722500E-06,+603.278934956E-03
-1.720000E-06,+603.278934956E-03
-1.717500E-06,+603.278934956E-03
-1.715000E-06,+603.278934956E-03
-1.712500E-06,+603.278934956E-03
-1.710000E-06,+603.278934956E-03
-1.707500E-06,+603.278934947E-03
-1.705000E-06,+56.545257568E-03
-1.702500E-06,+603.278934947E-03
-1.700000E-06,+603.278934956E-03
-1.697500E-06,+603.278934956E-03
-1.695000E-06,+603.278934956E-03
-1.692500E-06,+56.545257568E-03
-1.690000E-06,+603.278934947E-03
-1.687500E-06,+603.278934947E-03
-1.685000E-06,+603.278934964E-03
-1.682500E-06,+603.278934956E-03
-1.680000E-06,+603.278934947E-03
-1.677500E-06,+56.545257568E-03
-1.675000E-06,+56.545257568E-03
-1.672500E-06,+603.278934956E-03
-1.670000E-06,+603.278934947E-03
-1.667500E-06,+603.278934956E-03
-1.665000E-06,+1.150012612334E+00
-1.662500E-06,+603.278934956E-03
-1.660000E-06,+603.278934947E-03
-1.657500E-06,+56.545257568E-03
-1.655000E-06,+603.278934956E-03
-1.652500E-06,+603.278934947E-03
-1.650000E-06,+603.278934947E-03
-1.647500E-06,+603.278934956E-03
-1.645000E-06,+603.278934947E-03
-1.642500E-06,+1.150012612334E+00
-1.640000E-06,+603.278934956E-03
-1.637500E-06,+1.150012612334E+00
-1.635000E-06,+603.278934965E-03
-1.632500E-06,+56.545257578E-03
-1.630000E-06,+1.150012612324E+00
-1.627500E-06,+603.278934956E-03
-1.625000E-06,+603.278934946E-03
-1.622500E-06,+603.278934956E-03
-1.620000E-06,+603.278934956E-03
-1.617500E-06,+603.278934956E-03
-1.615000E-06,+603.278934956E-03
-1.612500E-06,+603.278934956E-03
-1.610000E-06,+56.545257578E-03
-1.607500E-06,+603.278934965E-03
-1.605000E-06,+56.545257578E-03
-1.602500E-06,+56.545257578E-03
-1.600000E-06,+603.278934946E-03
-1.597500E-06,+603.278934946E-03
-1.595000E-06,+56.545257578E-03
-1.592500E-06,+603.278934965E-03
-1.590000E-06,+603.278934956E-03
-1.587500E-06,+56.545257578E-03
-1.585000E-06,+56.545257568E-03
-1.582500E-06,+603.278934956E-03
-1.580000E-06,+603.278934956E-03
-1.577500E-06,+56.545257578E-03
-1.575000E-06,+56.545257578E-03
-1.572500E-06,+603.278934946E-03
-1.570000E-06,+603.278934956E-03
-1.567500E-06,+56.545257578E-03
-1.565000E-06,+603.278934965E-03
-1.562500E-06,+603.278934946E-03
-1.560000E-06,+603.278934946E-03
-1.557500E-06,+1.150012612323E+00
-1.555000E-06,+603.278934956E-03
-1.552500E-06,+603.278934966E-03
-1.550000E-06,+56.545257578E-03
-1.547500E-06,+56.545257578E-03
-1.545000E-06,+56.545257578E-03
-1.542500E-06,+56.545257578E-03
-1.540000E-06,+603.278934956E-03
-1.537500E-06,+603.278934956E-03
-1.535000E-06,+603.278934956E-03
-1.532500E-06,+603.278934956E-03
-1.530000E-06,+56.545257568E-03
-1.527500E-06,+603.278934956E-03
-1.525000E-06,+603.278934966E-03
-1.522500E-06,+603.278934945E-03
-1.520000E-06,+56.545257568E-03
-1.517500E-06,+603.278934966E-03
-1.515000E-06,+56.545257579E-03
-1.512500E-06,+56.545257568E-03
-1.510000E-06,+603.278934956E-03
-1.507500E-06,+603.278934956E-03
-1.505000E-06,+56.545257579E-03
-1.502500E-06,+603.278934945E-03
-1.500000E-06,+603.278934956E-03
-1.497500E-06,+603.278934956E-03
-1.495000E-06,+1.150012612332E+00
-1.492500E-06,+603.278934945E-03
-1.490000E-06,+603.278934956E-03
-1.487500E-06,+603.278934956E-03
-1.485000E-06,+56.545257579E-03
-1.482500E-06,+603.278934945E-03
-1.480000E-06,+603.278934956E-03
-1.477500E-06,+1.150012612332E+00
-1.475000E-06,+56.545257579E-03
-1.472500E-06,+56.545257568E-03
-1.470000E-06,+56.545257579E-03
-1.467500E-06,+603.278934956E-03
-1.465000E-06,+56.545257568E-03
-1.462500E-06,+603.278934956E-03
-1.460000E-06,+56.545257568E-03
-1.457500E-06,+603.278934956E-03
-1.455000E-06,+603.278934956E-03
-1.452500E-06,+56.545257568E-03
-1.450000E-06,+603.278934956E-03
-1.447500E-06,+1.150012612332E+00
-1.445000E-06,+603.278934956E-03
-1.442500E-06,+1.150012612332E+00
-1.440000E-06,+603.278934944E-03
-1.437500E-06,+1.150012612332E+00
-1.435000E-06,+56.545257580E-03
-1.432500E-06,+603.278934956E-03
-1.430000E-06,+603.278934956E-03
-1.427500E-06,+603.278934956E-03
-1.425000E-06,+603.278934944E-03
-1.422500E-06,+603.278934956E-03
-1.420000E-06,+603.278934956E-03
-1.417500E-06,+56.545257580E-03
-1.415000E-06,+603.278934956E-03
-1.412500E-06,+603.278934944E-03
-1.410000E-06,+56.545257568E-03
-1.407500E-06,+603.278934956E-03
-1.405000E-06,+603.278934944E-03
-1.402500E-06,+56.545257568E-03
-1.400000E-06,+603.278934944E-03
-1.397500E-06,+1.150012612331E+00
-1.395000E-06,+56.545257580E-03
-1.392500E-06,+56.545257580E-03
-1.390000E-06,+1.150012612343E+00
-1.387500E-06,+56.545257580E-03
-1.385000E-06,+603.278934956E-03
-1.382500E-06,+603.278934956E-03
-1.380000E-06,+1.150012612343E+00
-1.377500E-06,+1.150012612331E+00
-1.375000E-06,+603.278934956E-03
-1.372500E-06,+603.278934956E-03
-1.370000E-06,+603.278934956E-03
-1.367500E-06,+603.278934956E-03
-1.365000E-06,+56.545257592E-03
-1.362500E-06,+603.278934956E-03
-1.360000E-06,+603.278934956E-03
-1.357500E-06,+1.150012612319E+00
-1.355000E-06,+603.278934956E-03
-1.352500E-06,+603.278934956E-03
-1.350000E-06,+56.545257568E-03
-1.347500E-06,+603.278934956E-03
-1.345000E-06,+603.278934956E-03
-1.342500E-06,+56.545257581E-03
-1.340000E-06,+603.278934956E-03
-1.337500E-06,+56.545257568E-03
-1.335000E-06,+603.278934956E-03
-1.332500E-06,+603.278934943E-03
-1.330000E-06,+603.278934956E-03
-1.327500E-06,+603.278934968E-03
-1.325000E-06,+603.278934956E-03
-1.322500E-06,+603.278934956E-03
-1.320000E-06,+603.278934943E-03
-1.317500E-06,+56.545257581E-03
-1.315000E-06,+603.278934956E-03
-1.312500E-06,+56.545257568E-03
-1.310000E-06,+603.278934956E-03
-1.307500E-06,+1.150012612330E+00
-1.305000E-06,+56.545257581E-03
-1.302500E-06,+1.150012612330E+00
-1.300000E-06,+603.278934956E-03
-1.297500E-06,+603.278934956E-03
-1.295000E-06,+603.278934956E-03
-1.292500E-06,+603.278934956E-03
-1.290000E-06,+603.278934956E-03
-1.287500E-06,+56.545257581E-03
-1.285000E-06,+56.545257568E-03
-1.282500E-06,+603.278934943E-03
-1.280000E-06,+603.278934956E-03
-1.277500E-06,+603.278934943E-03
-1.275000E-06,+56.545257581E-03
-1.272500E-06,+56.545257568E-03
-1.270000E-06,+56.545257581E-03
-1.267500E-06,+603.278934956E-03
-1.265000E-06,+603.278934956E-03
-1.262500E-06,+603.278934956E-03
-1.260000E-06,+603.278934943E-03
-1.257500E-06,+603.278934956E-03
-1.255000E-06,+56.545257581E-03
-1.252500E-06,+56.545257581E-03
-1.250000E-06,+56.545257568E-03
-1.247500E-06,+603.278934956E-03
-1.245000E-06,+603.278934942E-03
-1.242500E-06,+56.545257568E-03
-1.240000E-06,+603.278934956E-03
-1.237500E-06,+603.278934956E-03
-1.235000E-06,+603.278934956E-03
-1.232500E-06,+56.545257568E-03
-1.230000E-06,+603.278934956E-03
-1.227500E-06,+56.545257582E-03
-1.225000E-06,+603.278934956E-03
-1.222500E-06,+56.545257582E-03
-1.220000E-06,+603.278934956E-03
-1.217500E-06,+603.278934956E-03
-1.215000E-06,+56.545257582E-03
-1.212500E-06,+603.278934942E-03
-1.210000E-06,+603.278934956E-03
-1.207500E-06,+56.545257568E-03
-1.205000E-06,+56.545257582E-03
-1.202500E-06,+603.278934956E-03
-1.200000E-06,+603.278934942E-03
-1.197500E-06,+603.278934956E-03
-1.195000E-06,+56.545257568E-03
-1.192500E-06,+1.150012612329E+00
-1.190000E-06,+603.278934956E-03
-1.187500E-06,+603.278934956E-03
-1.185000E-06,+603.278934956E-03
-1.182500E-06,+603.278934956E-03
-1.180000E-06,+56.545257582E-03
-1.177500E-06,+603.278934956E-03
-1.175000E-06,+603.278934956E-03
-1.172500E-06,+603.278934956E-03
-1.170000E-06,+603.278934942E-03
-1.167500E-06,+56.545257582E-03
-1.165000E-06,+603.278934970E-03
-1.162500E-06,+603.278934942E-03
-1.160000E-06,+603.278934942E-03
-1.157500E-06,+1.150012612329E+00
-1.155000E-06,+603.278934956E-03
-1.152500E-06,+56.545257568E-03
-1.150000E-06,+603.278934956E-03
-1.147500E-06,+56.545257583E-03
-1.145000E-06,+603.278934956E-03
-1.142500E-06,+603.278934941E-03
-1.140000E-06,+56.545257568E-03
-1.137500E-06,+56.545257583E-03
-1.135000E-06,+56.545257568E-03
-1.132500E-06,+603.278934956E-03
-1.130000E-06,+603.278934941E-03
-1.127500E-06,+603.278934956E-03
-1.125000E-06,+603.278934956E-03
-1.122500E-06,+603.278934941E-03
-1.120000E-06,+603.278934941E-03
-1.117500E-06,+603.278934956E-03
-1.115000E-06,+56.545257583E-03
-1.112500E-06,+603.278934941E-03
-1.110000E-06,+603.278934956E-03
-1.107500E-06,+603.278934941E-03
-1.105000E-06,+1.150012612328E+00
-1.102500E-06,+56.545257568E-03
-1.100000E-06,+603.278934956E-03
-1.097500E-06,+603.278934956E-03
-1.095000E-06,+603.278934956E-03
-1.092500E-06,+603.278934941E-03
-1.090000E-06,+603.278934941E-03
-1.087500E-06,+603.278934941E-03
-1.085000E-06,+603.278934970E-03
-1.082500E-06,+56.545257583E-03
-1.080000E-06,+603.278934941E-03
-1.077500E-06,+56.545257568E-03
-1.075000E-06,+603.278934956E-03
-1.072500E-06,+603.278934956E-03
-1.070000E-06,+56.545257568E-03
-1.067500E-06,+603.278934956E-03
-1.065000E-06,+603.278934956E-03
-1.062500E-06,+603.278934956E-03
-1.060000E-06,+603.278934956E-03
-1.057500E-06,+603.278934956E-03
-1.055000E-06,+56.545257568E-03
-1.052500E-06,+56.545257568E-03
-1.050000E-06,+603.278934971E-03
-1.047500E-06,+603.278934956E-03
-1.045000E-06,+56.545257584E-03
-1.042500E-06,+603.278934940E-03
-1.040000E-06,+603.278934940E-03
-1.037500E-06,+603.278934956E-03
-1.035000E-06,+56.545257584E-03
-1.032500E-06,+603.278934940E-03
-1.030000E-06,+603.278934956E-03
-1.027500E-06,+603.278934956E-03
-1.025000E-06,+603.278934956E-03
-1.022500E-06,+603.278934956E-03
-1.020000E-06,+603.278934956E-03
-1.017500E-06,+603.278934956E-03
-1.015000E-06,+56.545257584E-03
-1.012500E-06,+603.278934956E-03
-1.010000E-06,+603.278934956E-03
-1.007500E-06,+56.545257568E-03
-1.005000E-06,+56.545257584E-03
-1.002500E-06,+56.545257568E-03
-1.000000E-06,+603.278934956E-03
-997.500E-09,+1.150012612327E+00
-995.000E-09,+603.278934956E-03
-992.500E-09,+56.545257568E-03
-990.000E-09,+56.545257584E-03
-987.500E-09,+56.545257584E-03
-985.000E-09,+56.545257568E-03
-982.500E-09,+603.278934956E-03
-980.000E-09,+603.278934940E-03
-977.500E-09,+603.278934956E-03
-975.000E-09,+603.278934956E-03
-972.500E-09,+56.545257584E-03
-970.000E-09,+603.278934956E-03
-967.500E-09,+603.278934972E-03
-965.000E-09,+603.278934972E-03
-962.500E-09,+603.278934956E-03
-960.000E-09,+603.278934956E-03
-957.500E-09,+1.150012612327E+00
-955.000E-09,+603.278934956E-03
-952.500E-09,+603.278934956E-03
-950.000E-09,+56.545257568E-03
-947.500E-09,+603.278934956E-03
-945.000E-09,+56.545257568E-03
-942.500E-09,+603.278934956E-03
-940.000E-09,+603.278934956E-03
-937.500E-09,+56.545257585E-03
-935.000E-09,+603.278934956E-03
-932.500E-09,+603.278934956E-03
-930.000E-09,+603.278934939E-03
-927.500E-09,+603.278934972E-03
-925.000E-09,+603.278934972E-03
-922.500E-09,+56.545257568E-03
-920.000E-09,+603.278934956E-03
-917.500E-09,+603.278934939E-03
-915.000E-09,+56.545257585E-03
-912.500E-09,+603.278934956E-03
-910.000E-09,+56.545257568E-03
-907.500E-09,+603.278934956E-03
-905.000E-09,+603.278934956E-03
-902.500E-09,+603.278934956E-03
-900.000E-09,+603.278934956E-03
-897.500E-09,+56.545257585E-03
-895.000E-09,+603.278934956E-03
-892.500E-09,+56.545257568E-03
-890.000E-09,+603.278934956E-03
-887.500E-09,+603.278934956E-03
-885.000E-09,+603.278934973E-03
-882.500E-09,+603.278934956E-03
-880.000E-09,+603.278934956E-03
-877.500E-09,+1.150012612326E+00
-875.000E-09,+603.278934956E-03
-872.500E-09,+603.278934956E-03
-870.000E-09,+603.278934956E-03
-867.500E-09,+603.278934956E-03
-865.000E-09,+603.278934939E-03
-862.500E-09,+603.278934956E-03
-860.000E-09,+603.278934956E-03
-857.500E-09,+603.278934956E-03
-855.000E-09,+603.278934956E-03
-852.500E-09,+603.278934956E-03
-850.000E-09,+603.278934956E-03
-847.500E-09,+603.278934956E-03
-845.000E-09,+603.278934938E-03
-842.500E-09,+603.278934938E-03
-840.000E-09,+603.278934938E-03
-837.500E-09,+1.150012612308E+00
-835.000E-09,+603.278934956E-03
-832.500E-09,+603.278934973E-03
-830.000E-09,+603.278934956E-03
-827.500E-09,+603.278934956E-03
-825.000E-09,+1.150012612343E+00
-822.500E-09,+603.278934956E-03
-820.000E-09,+1.150012612325E+00
-817.500E-09,+603.278934956E-03
-815.000E-09,+56.545257586E-03
-812.500E-09,+603.278934956E-03
-810.000E-09,+56.545257586E-03
-807.500E-09,+603.278934956E-03
-805.000E-09,+603.278934956E-03
-802.500E-09,+1.150012612308E+00
-800.000E-09,+603.278934956E-03
-797.500E-09,+603.278934956E-03
-795.000E-09,+56.545257586E-03
-792.500E-09,+603.278934956E-03
-790.000E-09,+56.545257586E-03
-787.500E-09,+603.278934956E-03
-785.000E-09,+603.278934956E-03
-782.500E-09,+56.545257568E-03
-780.000E-09,+1.150012612325E+00
-777.500E-09,+603.278934956E-03
-775.000E-09,+603.278934956E-03
-772.500E-09,+603.278934956E-03
-770.000E-09,+603.278934956E-03
-767.500E-09,+603.278934956E-03
-765.000E-09,+603.278934973E-03
-762.500E-09,+1.150012612325E+00
-760.000E-09,+603.278934956E-03
-757.500E-09,+1.150012612325E+00
-755.000E-09,+56.545257587E-03
-752.500E-09,+603.278934956E-03
-750.000E-09,+56.545257587E-03
-747.500E-09,+1.150012612324E+00
-745.000E-09,+603.278934937E-03
-742.500E-09,+603.278934956E-03
-740.000E-09,+603.278934956E-03
-737.500E-09,+56.545257568E-03
-735.000E-09,+603.278934956E-03
-732.500E-09,+56.545257587E-03
-730.000E-09,+603.278934956E-03
-727.500E-09,+56.545257587E-03
-725.000E-09,+603.278934974E-03
-722.500E-09,+603.278934937E-03
-720.000E-09,+603.278934956E-03
-717.500E-09,+1.150012612324E+00
-715.000E-09,+603.278934937E-03
-712.500E-09,+603.278934956E-03
-710.000E-09,+56.545257587E-03
-707.500E-09,+603.278934974E-03
-705.000E-09,+56.545257568E-03
-702.500E-09,+56.545257568E-03
-700.000E-09,+603.278934956E-03
-697.500E-09,+56.545257587E-03
-695.000E-09,+603.278934956E-03
-692.500E-09,+603.278934956E-03
-690.000E-09,+603.278934956E-03
-687.500E-09,+603.278934956E-03
-685.000E-09,+603.278934956E-03
-682.500E-09,+603.278934937E-03
-680.000E-09,+603.278934956E-03
-677.500E-09,+603.278934937E-03
-675.000E-09,+603.278934956E-03
-672.500E-09,+56.545257587E-03
-670.000E-09,+56.545257587E-03
-667.500E-09,+56.545257568E-03
-665.000E-09,+603.278934956E-03
-662.500E-09,+603.278934956E-03
-660.000E-09,+603.278934956E-03
-657.500E-09,+603.278934956E-03
-655.000E-09,+603.278934956E-03
-652.500E-09,+1.150012612324E+00
-650.000E-09,+603.278934975E-03
-647.500E-09,+603.278934956E-03
-645.000E-09,+603.278934975E-03
-642.500E-09,+603.278934936E-03
-640.000E-09,+603.278934936E-03
-637.500E-09,+56.545257568E-03
-635.000E-09,+56.545257568E-03
-632.500E-09,+603.278934936E-03
-630.000E-09,+56.545257568E-03
-627.500E-09,+603.278934956E-03
-625.000E-09,+603.278934936E-03
-622.500E-09,+603.278934936E-03
-620.000E-09,+56.545257588E-03
-617.500E-09,+603.278934956E-03
-615.000E-09,+603.278934956E-03
-612.500E-09,+603.278934956E-03
-610.000E-09,+603.278934956E-03
-607.500E-09,+603.278934956E-03
-605.000E-09,+1.150012612343E+00
-602.500E-09,+603.278934956E-03
-600.000E-09,+603.278934956E-03
-597.500E-09,+1.150012612323E+00
-595.000E-09,+1.150012612323E+00
-592.500E-09,+603.278934936E-03
-590.000E-09,+603.278934956E-03
-587.500E-09,+603.278934956E-03
-585.000E-09,+603.278934956E-03
-582.500E-09,+603.278934956E-03
-580.000E-09,+603.278934936E-03
-577.500E-09,+603.278934956E-03
-575.000E-09,+56.545257588E-03
-572.500E-09,+603.278934936E-03
-570.000E-09,+603.278934956E-03
-567.500E-09,+603.278934976E-03
-565.000E-09,+603.278934956E-03
-562.500E-09,+56.545257568E-03
-560.000E-09,+603.278934935E-03
-557.500E-09,+1.150012612323E+00
-555.000E-09,+56.545257568E-03
-552.500E-09,+56.545257589E-03
-550.000E-09,+603.278934956E-03
-547.500E-09,+603.278934935E-03
-545.000E-09,+603.278934935E-03
-542.500E-09,+603.278934935E-03
-540.000E-09,+603.278934956E-03
-537.500E-09,+56.545257589E-03
-535.000E-09,+603.278934956E-03
-532.500E-09,+603.278934956E-03
-530.000E-09,+603.278934956E-03
-527.500E-09,+603.278934956E-03
-525.000E-09,+603.278934976E-03
-522.500E-09,+603.278934956E-03
-520.000E-09,+603.278934956E-03
-517.500E-09,+56.545257568E-03
-515.000E-09,+56.545257568E-03
-512.500E-09,+56.545257589E-03
-510.000E-09,+1.150012612302E+00
-507.500E-09,+603.278934956E-03
-505.000E-09,+603.278934956E-03
-502.500E-09,+56.545257589E-03
-500.000E-09,+603.278934956E-03
-497.500E-09,+56.545257589E-03
-495.000E-09,+603.278934956E-03
-492.500E-09,+603.278934956E-03
-490.000E-09,+603.278934935E-03
-487.500E-09,+603.278934956E-03
-485.000E-09,+603.278934976E-03
-482.500E-09,+603.278934935E-03
-480.000E-09,+603.278934935E-03
-477.500E-09,+1.150012612322E+00
-475.000E-09,+603.278934956E-03
-472.500E-09,+603.278934956E-03
-470.000E-09,+56.545257589E-03
-467.500E-09,+603.278934956E-03
-465.000E-09,+603.278934956E-03
-462.500E-09,+603.278934934E-03
-460.000E-09,+603.278934956E-03
-457.500E-09,+603.278934956E-03
-455.000E-09,+603.278934956E-03
-452.500E-09,+603.278934956E-03
-450.000E-09,+603.278934956E-03
-447.500E-09,+603.278934956E-03
-445.000E-09,+603.278934977E-03
-442.500E-09,+603.278934934E-03
-440.000E-09,+603.278934934E-03
-437.500E-09,+1.150012612321E+00
-435.000E-09,+603.278934977E-03
-432.500E-09,+1.150012612321E+00
-430.000E-09,+56.545257590E-03
-427.500E-09,+603.278934977E-03
-425.000E-09,+603.278934956E-03
-422.500E-09,+603.278934956E-03
-420.000E-09,+603.278934977E-03
-417.500E-09,+603.278934956E-03
-415.000E-09,+603.278934956E-03
-412.500E-09,+603.278934934E-03
-410.000E-09,+603.278934956E-03
-407.500E-09,+603.278934956E-03
-405.000E-09,+56.545257568E-03
-402.500E-09,+603.278934934E-03
-400.000E-09,+603.278934956E-03
-397.500E-09,+1.150012612321E+00
-395.000E-09,+603.278934956E-03
-392.500E-09,+603.278934956E-03
-390.000E-09,+603.278934956E-03
-387.500E-09,+603.278934956E-03
-385.000E-09,+603.278934956E-03
-382.500E-09,+603.278934934E-03
-380.000E-09,+603.278934934E-03
-377.500E-09,+56.545257590E-03
-375.000E-09,+56.545257590E-03
-372.500E-09,+603.278934934E-03
-370.000E-09,+603.278934956E-03
-367.500E-09,+603.278934956E-03
-365.000E-09,+56.545257568E-03
-362.500E-09,+56.545257568E-03
-360.000E-09,+603.278934956E-03
-357.500E-09,+1.150012612320E+00
-355.000E-09,+56.545257613E-03
-352.500E-09,+603.278934956E-03
-350.000E-09,+603.278934956E-03
-347.500E-09,+603.278934956E-03
-345.000E-09,+603.278934933E-03
-342.500E-09,+603.278934956E-03
-340.000E-09,+603.278934956E-03
-337.500E-09,+603.278934956E-03
-335.000E-09,+56.545257591E-03
-332.500E-09,+603.278934956E-03
-330.000E-09,+603.278934956E-03
-327.500E-09,+603.278934933E-03
-325.000E-09,+603.278934978E-03
-322.500E-09,+1.150012612320E+00
-320.000E-09,+1.150012612320E+00
-317.500E-09,+1.150012612343E+00
-315.000E-09,+603.278934956E-03
-312.500E-09,+1.150012612343E+00
-310.000E-09,+1.150012612343E+00
-307.500E-09,+603.278934956E-03
-305.000E-09,+1.150012612320E+00
-302.500E-09,+1.150012612320E+00
-300.000E-09,+1.150012612366E+00
-297.500E-09,+1.696746289707E+00
-295.000E-09,+1.696746289730E+00
-292.500E-09,+2.243479967117E+00
-290.000E-09,+2.243479967117E+00
-287.500E-09,+2.790213644505E+00
-285.000E-09,+2.790213644505E+00
-282.500E-09,+2.790213644527E+00
-280.000E-09,+3.336947321892E+00
-277.500E-09,+3.883680999256E+00
-275.000E-09,+3.883680999279E+00
-272.500E-09,+4.430414676643E+00
-270.000E-09,+3.883680999302E+00
-267.500E-09,+3.883680999279E+00
-265.000E-09,+4.977148354030E+00
-262.500E-09,+5.523882031417E+00
-260.000E-09,+5.523882031417E+00
-257.500E-09,+4.977148354054E+00
-255.000E-09,+5.523882031441E+00
-252.500E-09,+6.070615708805E+00
-250.000E-09,+6.070615708828E+00
-247.500E-09,+6.070615708875E+00
-245.000E-09,+7.164083063579E+00
-242.500E-09,+7.710816740966E+00
-240.000E-09,+7.710816740990E+00
-237.500E-09,+7.710816740990E+00
-235.000E-09,+7.710816741013E+00
-232.500E-09,+8.257550418377E+00
-230.000E-09,+8.257550418377E+00
-227.500E-09,+8.804284095741E+00
-225.000E-09,+8.804284095764E+00
-222.500E-09,+8.804284095764E+00
-220.000E-09,+9.351017773151E+00
-217.500E-09,+8.804284095788E+00
-215.000E-09,+9.897751450515E+00
-212.500E-09,+9.897751450539E+00
-210.000E-09,+10.444485127926E+00
-207.500E-09,+10.444485127926E+00
-205.000E-09,+10.991218805313E+00
-202.500E-09,+10.444485127949E+00
-200.000E-09,+10.991218805313E+00
-197.500E-09,+11.537952482700E+00
-195.000E-09,+11.537952482724E+00
-192.500E-09,+12.084686160088E+00
-190.000E-09,+12.084686160088E+00
-187.500E-09,+12.631419837452E+00
-185.000E-09,+12.631419837475E+00
-182.500E-09,+13.178153514862E+00
-180.000E-09,+13.724887192226E+00
-177.500E-09,+13.178153514862E+00
-175.000E-09,+13.724887192226E+00
-172.500E-09,+13.724887192249E+00
-170.000E-09,+13.724887192273E+00
-167.500E-09,+14.271620869637E+00
-165.000E-09,+14.271620869660E+00
-162.500E-09,+14.818354547000E+00
-160.000E-09,+14.818354547000E+00
-157.500E-09,+14.818354547047E+00
-155.000E-09,+15.365088224411E+00
-152.500E-09,+16.458555579162E+00
-150.000E-09,+15.365088224434E+00
-147.500E-09,+15.365088224411E+00
-145.000E-09,+16.458555579186E+00
-142.500E-09,+16.458555579186E+00
-140.000E-09,+16.458555579186E+00
-137.500E-09,+16.458555579186E+00
-135.000E-09,+17.005289256573E+00
-132.500E-09,+16.458555579186E+00
-130.000E-09,+17.552022933937E+00
-127.500E-09,+17.005289256596E+00
-125.000E-09,+17.552022933960E+00
-122.500E-09,+18.098756611347E+00
-120.000E-09,+18.098756611347E+00
-117.500E-09,+18.645490288734E+00
-115.000E-09,+18.098756611347E+00
-112.500E-09,+18.645490288734E+00
-110.000E-09,+18.645490288734E+00
-107.500E-09,+18.645490288758E+00
-105.000E-09,+19.192223966122E+00
-102.500E-09,+19.738957643486E+00
-100.000E-09,+19.738957643486E+00
-97.500E-09,+19.738957643509E+00
-95.000E-09,+20.285691320896E+00
-92.500E-09,+20.285691320873E+00
-90.000E-09,+20.832424998283E+00
-87.500E-09,+20.285691320896E+00
-85.000E-09,+20.832424998283E+00
-82.500E-09,+20.832424998283E+00
-80.000E-09,+20.832424998283E+00
-77.500E-09,+21.379158675647E+00
-75.000E-09,+20.832424998330E+00
-72.500E-09,+21.379158675671E+00
-70.000E-09,+21.379158675694E+00
-67.500E-09,+21.925892353058E+00
-65.000E-09,+22.472626030422E+00
-62.500E-09,+22.472626030422E+00
-60.000E-09,+22.472626030422E+00
-57.500E-09,+22.472626030445E+00
-55.000E-09,+22.472626030469E+00
-52.500E-09,+23.019359707809E+00
-50.000E-09,+23.019359707809E+00
-47.500E-09,+23.566093385243E+00
-45.000E-09,+23.566093385220E+00
-42.500E-09,+23.019359707856E+00
-40.000E-09,+24.112827062583E+00
-37.500E-09,+24.112827062583E+00
-35.000E-09,+24.112827062607E+00
-32.500E-09,+24.659560739994E+00
-30.000E-09,+24.112827062607E+00
-27.500E-09,+24.659560739994E+00
-25.000E-09,+25.206294417381E+00
-22.500E-09,+24.659560739994E+00
-20.000E-09,+25.206294417358E+00
-17.500E-09,+24.659560740017E+00
-15.000E-09,+25.206294417381E+00
-12.500E-09,+25.206294417381E+00
-10.000E-09,+25.753028094769E+00
-7.500E-09,+25.753028094769E+00
-5.000E-09,+25.753028094769E+00
-2.500E-09,+25.753028094769E+00
-0.0E+00,+26.299761772156E+00
+2.500E-09,+26.299761772156E+00
+5.000E-09,+26.299761772156E+00
+7.500E-09,+26.299761772156E+00
+10.000E-09,+26.299761772179E+00
+12.500E-09,+26.846495449543E+00
+15.000E-09,+26.299761772203E+00
+17.500E-09,+26.846495449566E+00
+20.000E-09,+27.393229126907E+00
+22.500E-09,+27.393229126930E+00
+25.000E-09,+27.393229126930E+00
+27.500E-09,+26.846495449566E+00
+30.000E-09,+27.393229126954E+00
+32.500E-09,+27.939962804318E+00
+35.000E-09,+27.939962804318E+00
+37.500E-09,+27.939962804318E+00
+40.000E-09,+28.486696481681E+00
+42.500E-09,+28.486696481705E+00
+45.000E-09,+29.033430159069E+00
+47.500E-09,+28.486696481705E+00
+50.000E-09,+28.486696481728E+00
+52.500E-09,+29.580163836456E+00
+55.000E-09,+29.580163836456E+00
+57.500E-09,+29.580163836456E+00
+60.000E-09,+29.033430159115E+00
+62.500E-09,+29.580163836479E+00
+65.000E-09,+29.033430159115E+00
+67.500E-09,+29.580163836479E+00
+70.000E-09,+30.126897513866E+00
+72.500E-09,+29.580163836503E+00
+75.000E-09,+30.126897513890E+00
+77.500E-09,+30.126897513843E+00
+80.000E-09,+30.673631191254E+00
+82.500E-09,+30.673631191254E+00
+85.000E-09,+30.126897513890E+00
+87.500E-09,+30.673631191254E+00
+90.000E-09,+30.673631191254E+00
+92.500E-09,+31.220364868664E+00
+95.000E-09,+31.220364868664E+00
+97.500E-09,+30.673631191277E+00
+100.000E-09,+31.220364868641E+00
+102.500E-09,+31.220364868664E+00
+105.000E-09,+31.220364868664E+00
+107.500E-09,+31.767098546028E+00
+110.000E-09,+31.767098546051E+00
+112.500E-09,+31.767098546005E+00
+115.000E-09,+31.767098546028E+00
+117.500E-09,+31.767098546051E+00
+120.000E-09,+31.767098546051E+00
+122.500E-09,+32.313832223415E+00
+125.000E-09,+32.313832223415E+00
+127.500E-09,+32.313832223438E+00
+130.000E-09,+32.313832223415E+00
+132.500E-09,+32.860565900780E+00
+135.000E-09,+33.407299578190E+00
+137.500E-09,+32.860565900803E+00
+140.000E-09,+33.407299578167E+00
+142.500E-09,+32.860565900803E+00
+145.000E-09,+33.407299578167E+00
+147.500E-09,+33.407299578167E+00
+150.000E-09,+33.407299578190E+00
+152.500E-09,+33.407299578190E+00
+155.000E-09,+33.407299578213E+00
+157.500E-09,+33.954033255577E+00
+160.000E-09,+33.954033255577E+00
+162.500E-09,+33.954033255554E+00
+165.000E-09,+33.954033255577E+00
+167.500E-09,+33.954033255577E+00
+170.000E-09,+34.500766932964E+00
+172.500E-09,+33.954033255600E+00
+175.000E-09,+34.500766932942E+00
+177.500E-09,+33.954033255577E+00
+180.000E-09,+34.500766932942E+00
+182.500E-09,+34.500766932964E+00
+185.000E-09,+34.500766932964E+00
+187.500E-09,+34.500766932964E+00
+190.000E-09,+35.047500610352E+00
+192.500E-09,+34.500766932987E+00
+195.000E-09,+35.047500610329E+00
+197.500E-09,+35.047500610352E+00
+200.000E-09,+35.047500610329E+00
+202.500E-09,+35.047500610329E+00
+205.000E-09,+35.047500610352E+00
+207.500E-09,+35.594234287739E+00
+210.000E-09,+35.594234287716E+00
+212.500E-09,+35.594234287739E+00
+215.000E-09,+35.594234287716E+00
+217.500E-09,+35.594234287739E+00
+220.000E-09,+36.140967965126E+00
+222.500E-09,+35.594234287762E+00
+225.000E-09,+36.140967965126E+00
+227.500E-09,+36.140967965103E+00
+230.000E-09,+36.140967965126E+00
+232.500E-09,+36.140967965149E+00
+235.000E-09,+36.140967965126E+00
+237.500E-09,+36.687701642513E+00
+240.000E-09,+36.687701642490E+00
+242.500E-09,+36.687701642513E+00
+245.000E-09,+36.687701642513E+00
+247.500E-09,+36.687701642536E+00
+250.000E-09,+36.687701642513E+00
+252.500E-09,+36.687701642536E+00
+255.000E-09,+37.234435319878E+00
+257.500E-09,+37.234435319878E+00
+260.000E-09,+37.234435319901E+00
+262.500E-09,+37.234435319901E+00
+265.000E-09,+36.687701642513E+00
+267.500E-09,+37.234435319877E+00
+270.000E-09,+37.234435319901E+00
+272.500E-09,+37.781168997264E+00
+275.000E-09,+37.234435319924E+00
+277.500E-09,+37.234435319901E+00
+280.000E-09,+37.781168997288E+00
+282.500E-09,+37.781168997288E+00
+285.000E-09,+37.781168997288E+00
+287.500E-09,+38.327902674652E+00
+290.000E-09,+37.781168997311E+00
+292.500E-09,+38.327902674652E+00
+295.000E-09,+37.781168997311E+00
+297.500E-09,+38.327902674675E+00
+300.000E-09,+37.781168997288E+00
+302.500E-09,+38.327902674675E+00
+305.000E-09,+38.327902674675E+00
+307.500E-09,+38.327902674699E+00
+310.000E-09,+38.327902674675E+00
+312.500E-09,+38.327902674699E+00
+315.000E-09,+38.874636352062E+00
+317.500E-09,+38.327902674699E+00
+320.000E-09,+38.874636352062E+00
+322.500E-09,+38.874636352038E+00
+325.000E-09,+38.874636352086E+00
+327.500E-09,+38.874636352086E+00
+330.000E-09,+38.874636352086E+00
+332.500E-09,+39.421370029450E+00
+335.000E-09,+38.874636352086E+00
+337.500E-09,+39.968103706813E+00
+340.000E-09,+39.421370029450E+00
+342.500E-09,+39.421370029473E+00
+345.000E-09,+39.421370029450E+00
+347.500E-09,+39.421370029473E+00
+350.000E-09,+39.421370029450E+00
+352.500E-09,+39.421370029450E+00
+355.000E-09,+39.968103706812E+00
+357.500E-09,+39.968103706837E+00
+360.000E-09,+39.968103706837E+00
+362.500E-09,+39.968103706837E+00
+365.000E-09,+39.968103706837E+00
+367.500E-09,+39.968103706861E+00
+370.000E-09,+39.968103706837E+00
+372.500E-09,+39.968103706837E+00
+375.000E-09,+39.968103706861E+00
+377.500E-09,+40.514837384200E+00
+380.000E-09,+39.968103706861E+00
+382.500E-09,+39.968103706861E+00
+385.000E-09,+40.514837384200E+00
+387.500E-09,+41.061571061587E+00
+390.000E-09,+40.514837384224E+00
+392.500E-09,+40.514837384224E+00
+395.000E-09,+40.514837384224E+00
+397.500E-09,+40.514837384224E+00
+400.000E-09,+40.514837384224E+00
+402.500E-09,+41.061571061611E+00
+405.000E-09,+40.514837384249E+00
+407.500E-09,+41.061571061611E+00
+410.000E-09,+41.061571061586E+00
+412.500E-09,+41.061571061611E+00
+415.000E-09,+41.061571061611E+00
+417.500E-09,+41.608304738974E+00
+420.000E-09,+41.608304738974E+00
+422.500E-09,+41.608304738974E+00
+425.000E-09,+41.061571061636E+00
+427.500E-09,+41.608304738998E+00
+430.000E-09,+41.061571061636E+00
+432.500E-09,+41.608304738998E+00
+435.000E-09,+41.608304738998E+00
+437.500E-09,+41.608304739023E+00
+440.000E-09,+41.608304738998E+00
+442.500E-09,+41.061571061636E+00
+445.000E-09,+41.061571061636E+00
+447.500E-09,+42.155038416386E+00
+450.000E-09,+41.608304738998E+00
+452.500E-09,+41.608304738998E+00
+455.000E-09,+42.155038416360E+00
+457.500E-09,+41.608304739024E+00
+460.000E-09,+42.155038416386E+00
+462.500E-09,+42.155038416360E+00
+465.000E-09,+41.608304739024E+00
+467.500E-09,+42.701772093748E+00
+470.000E-09,+42.155038416386E+00
+472.500E-09,+42.155038416386E+00
+475.000E-09,+42.701772093748E+00
+477.500E-09,+42.155038416386E+00
+480.000E-09,+42.155038416386E+00
+482.500E-09,+42.155038416386E+00
+485.000E-09,+42.155038416411E+00
+487.500E-09,+42.701772093773E+00
+490.000E-09,+42.701772093773E+00
+492.500E-09,+42.701772093773E+00
+495.000E-09,+43.248505771134E+00
+497.500E-09,+43.248505771134E+00
+500.000E-09,+42.701772093773E+00
+502.500E-09,+42.701772093773E+00
+505.000E-09,+42.701772093773E+00
+507.500E-09,+42.701772093773E+00
+510.000E-09,+42.701772093747E+00
+512.500E-09,+43.795239448522E+00
+515.000E-09,+43.248505771160E+00
+517.500E-09,+43.248505771160E+00
+520.000E-09,+43.248505771134E+00
+522.500E-09,+43.795239448522E+00
+525.000E-09,+43.248505771160E+00
+527.500E-09,+43.248505771186E+00
+530.000E-09,+43.795239448547E+00
+532.500E-09,+43.248505771160E+00
+535.000E-09,+43.795239448547E+00
+537.500E-09,+43.248505771160E+00
+540.000E-09,+43.248505771186E+00
+542.500E-09,+43.795239448522E+00
+545.000E-09,+43.248505771186E+00
+547.500E-09,+43.248505771160E+00
+550.000E-09,+43.248505771186E+00
+552.500E-09,+43.795239448547E+00
+555.000E-09,+43.795239448547E+00
+557.500E-09,+43.795239448547E+00
+560.000E-09,+43.795239448547E+00
+562.500E-09,+43.795239448547E+00
+565.000E-09,+43.795239448547E+00
+567.500E-09,+43.795239448547E+00
+570.000E-09,+43.795239448547E+00
+572.500E-09,+44.341973125908E+00
+575.000E-09,+44.341973125908E+00
+577.500E-09,+43.795239448547E+00
+580.000E-09,+43.795239448574E+00
+582.500E-09,+44.341973125935E+00
+585.000E-09,+43.795239448547E+00
+587.500E-09,+43.795239448547E+00
+590.000E-09,+43.795239448547E+00
+592.500E-09,+43.795239448574E+00
+595.000E-09,+44.341973125935E+00
+597.500E-09,+44.341973125908E+00
+600.000E-09,+44.341973125935E+00
+602.500E-09,+44.888706803322E+00
+605.000E-09,+44.888706803295E+00
+607.500E-09,+44.341973125935E+00
+610.000E-09,+44.888706803322E+00
+612.500E-09,+44.888706803322E+00
+615.000E-09,+44.341973125935E+00
+617.500E-09,+44.341973125935E+00
+620.000E-09,+44.888706803295E+00
+622.500E-09,+44.888706803295E+00
+625.000E-09,+44.888706803322E+00
+627.500E-09,+44.341973125935E+00
+630.000E-09,+44.341973125935E+00
+632.500E-09,+44.888706803349E+00
+635.000E-09,+44.888706803295E+00
+637.500E-09,+44.341973125962E+00
+640.000E-09,+44.888706803322E+00
+642.500E-09,+44.888706803322E+00
+645.000E-09,+44.888706803322E+00
+647.500E-09,+44.888706803322E+00
+650.000E-09,+44.888706803322E+00
+652.500E-09,+45.435440480682E+00
+655.000E-09,+45.435440480682E+00
+657.500E-09,+44.888706803322E+00
+660.000E-09,+44.888706803349E+00
+662.500E-09,+44.888706803322E+00
+665.000E-09,+44.888706803322E+00
+667.500E-09,+44.888706803322E+00
+670.000E-09,+44.888706803349E+00
+672.500E-09,+45.435440480709E+00
+675.000E-09,+44.888706803322E+00
+677.500E-09,+45.435440480682E+00
+680.000E-09,+45.435440480682E+00
+682.500E-09,+44.888706803322E+00
+685.000E-09,+44.888706803350E+00
+687.500E-09,+45.435440480709E+00
+690.000E-09,+45.435440480709E+00
+692.500E-09,+45.435440480737E+00
+695.000E-09,+45.435440480709E+00
+697.500E-09,+45.982174158069E+00
+700.000E-09,+45.982174158069E+00
+702.500E-09,+45.982174158069E+00
+705.000E-09,+45.435440480737E+00
+707.500E-09,+45.435440480709E+00
+710.000E-09,+45.435440480709E+00
+712.500E-09,+45.982174158096E+00
+715.000E-09,+45.982174158096E+00
+717.500E-09,+45.982174158096E+00
+720.000E-09,+45.982174158069E+00
+722.500E-09,+45.982174158096E+00
+725.000E-09,+45.435440480737E+00
+727.500E-09,+45.982174158096E+00
+730.000E-09,+45.982174158096E+00
+732.500E-09,+45.982174158069E+00
+735.000E-09,+45.982174158096E+00
+737.500E-09,+45.982174158096E+00
+740.000E-09,+45.982174158096E+00
+742.500E-09,+46.528907835456E+00
+745.000E-09,+45.982174158096E+00
+747.500E-09,+45.982174158068E+00
+750.000E-09,+46.528907835455E+00
+752.500E-09,+45.982174158096E+00
+755.000E-09,+45.982174158125E+00
+757.500E-09,+45.982174158096E+00
+760.000E-09,+45.982174158125E+00
+762.500E-09,+46.528907835455E+00
+765.000E-09,+45.982174158096E+00
+767.500E-09,+45.982174158096E+00
+770.000E-09,+46.528907835484E+00
+772.500E-09,+46.528907835484E+00
+775.000E-09,+45.982174158096E+00
+777.500E-09,+46.528907835484E+00
+780.000E-09,+46.528907835455E+00
+782.500E-09,+46.528907835455E+00
+785.000E-09,+46.528907835455E+00
+787.500E-09,+45.982174158096E+00
+790.000E-09,+46.528907835455E+00
+792.500E-09,+46.528907835484E+00
+795.000E-09,+46.528907835484E+00
+797.500E-09,+46.528907835512E+00
+800.000E-09,+46.528907835484E+00
+802.500E-09,+47.075641512871E+00
+805.000E-09,+46.528907835512E+00
+807.500E-09,+45.982174158125E+00
+810.000E-09,+46.528907835484E+00
+812.500E-09,+45.982174158125E+00
+815.000E-09,+46.528907835512E+00
+817.500E-09,+46.528907835484E+00
+820.000E-09,+46.528907835484E+00
+822.500E-09,+47.075641512842E+00
+825.000E-09,+46.528907835484E+00
+827.500E-09,+46.528907835484E+00
+830.000E-09,+47.075641512842E+00
+832.500E-09,+46.528907835512E+00
+835.000E-09,+46.528907835512E+00
+837.500E-09,+46.528907835512E+00
+840.000E-09,+46.528907835484E+00
+842.500E-09,+47.075641512871E+00
+845.000E-09,+47.075641512871E+00
+847.500E-09,+47.075641512871E+00
+850.000E-09,+47.075641512871E+00
+852.500E-09,+47.075641512842E+00
+855.000E-09,+47.622375190229E+00
+857.500E-09,+47.622375190199E+00
+860.000E-09,+47.075641512871E+00
+862.500E-09,+46.528907835484E+00
+865.000E-09,+47.075641512842E+00
+867.500E-09,+46.528907835484E+00
+870.000E-09,+47.075641512871E+00
+872.500E-09,+47.075641512871E+00
+875.000E-09,+46.528907835513E+00
+877.500E-09,+47.075641512901E+00
+880.000E-09,+47.075641512871E+00
+882.500E-09,+47.075641512871E+00
+885.000E-09,+47.075641512871E+00
+887.500E-09,+47.622375190258E+00
+890.000E-09,+47.075641512871E+00
+892.500E-09,+47.075641512901E+00
+895.000E-09,+47.075641512871E+00
+897.500E-09,+47.622375190228E+00
+900.000E-09,+47.075641512901E+00
+902.500E-09,+47.622375190228E+00
+905.000E-09,+47.622375190228E+00
+907.500E-09,+47.075641512871E+00
+910.000E-09,+47.075641512871E+00
+912.500E-09,+47.622375190258E+00
+915.000E-09,+47.075641512901E+00
+917.500E-09,+47.075641512901E+00
+920.000E-09,+47.622375190258E+00
+922.500E-09,+47.622375190288E+00
+925.000E-09,+47.622375190258E+00
+927.500E-09,+47.075641512901E+00
+930.000E-09,+47.622375190258E+00
+932.500E-09,+47.622375190258E+00
+935.000E-09,+47.622375190258E+00
+937.500E-09,+47.622375190258E+00
+940.000E-09,+47.075641512871E+00
+942.500E-09,+47.622375190258E+00
+945.000E-09,+47.075641512871E+00
+947.500E-09,+47.622375190228E+00
+950.000E-09,+47.075641512871E+00
+952.500E-09,+47.622375190258E+00
+955.000E-09,+47.075641512932E+00
+957.500E-09,+47.622375190258E+00
+960.000E-09,+47.622375190258E+00
+962.500E-09,+47.075641512871E+00
+965.000E-09,+47.622375190228E+00
+967.500E-09,+47.075641512932E+00
+970.000E-09,+48.169108867645E+00
+972.500E-09,+47.622375190258E+00
+975.000E-09,+48.169108867615E+00
+977.500E-09,+47.622375190258E+00
+980.000E-09,+47.622375190228E+00
+982.500E-09,+47.622375190258E+00
+985.000E-09,+47.622375190258E+00
+987.500E-09,+47.622375190258E+00
+990.000E-09,+47.622375190258E+00
+992.500E-09,+47.622375190258E+00
+995.000E-09,+47.622375190258E+00
+997.500E-09,+48.169108867614E+00
+1.000000E-06,+47.622375190258E+00
+1.002500E-06,+48.169108867645E+00
+1.005000E-06,+48.169108867645E+00
+1.007500E-06,+48.169108867645E+00
+1.010000E-06,+47.075641512932E+00
+1.012500E-06,+48.169108867645E+00
+1.015000E-06,+48.169108867645E+00
+1.017500E-06,+48.169108867614E+00
+1.020000E-06,+48.169108867645E+00
+1.022500E-06,+47.622375190258E+00
+1.025000E-06,+48.169108867645E+00
+1.027500E-06,+48.169108867614E+00
+1.030000E-06,+47.622375190289E+00
+1.032500E-06,+47.622375190289E+00
+1.035000E-06,+48.169108867645E+00
+1.037500E-06,+48.169108867645E+00
+1.040000E-06,+48.169108867614E+00
+1.042500E-06,+48.169108867614E+00
+1.045000E-06,+48.169108867645E+00
+1.047500E-06,+48.169108867645E+00
+1.050000E-06,+48.169108867645E+00
+1.052500E-06,+48.169108867645E+00
+1.055000E-06,+48.169108867645E+00
+1.057500E-06,+48.169108867645E+00
+1.060000E-06,+48.169108867645E+00
+1.062500E-06,+48.169108867645E+00
+1.065000E-06,+48.169108867645E+00
+1.067500E-06,+47.622375190258E+00
+1.070000E-06,+48.169108867645E+00
+1.072500E-06,+48.169108867645E+00
+1.075000E-06,+48.169108867677E+00
+1.077500E-06,+48.715842545001E+00
+1.080000E-06,+48.169108867645E+00
+1.082500E-06,+48.169108867645E+00
+1.085000E-06,+48.169108867645E+00
+1.087500E-06,+48.169108867645E+00
+1.090000E-06,+48.715842545001E+00
+1.092500E-06,+48.169108867645E+00
+1.095000E-06,+48.169108867645E+00
+1.097500E-06,+48.715842545033E+00
+1.100000E-06,+48.715842545001E+00
+1.102500E-06,+48.715842545001E+00
+1.105000E-06,+48.169108867709E+00
+1.107500E-06,+48.715842545001E+00
+1.110000E-06,+48.169108867677E+00
+1.112500E-06,+48.169108867709E+00
+1.115000E-06,+48.169108867645E+00
+1.117500E-06,+48.169108867645E+00
+1.120000E-06,+48.715842545001E+00
+1.122500E-06,+48.715842545001E+00
+1.125000E-06,+48.715842545001E+00
+1.127500E-06,+47.622375190290E+00
+1.130000E-06,+48.169108867645E+00
+1.132500E-06,+48.169108867677E+00
+1.135000E-06,+48.169108867645E+00
+1.137500E-06,+48.169108867613E+00
+1.140000E-06,+48.169108867645E+00
+1.142500E-06,+48.169108867677E+00
+1.145000E-06,+48.715842545001E+00
+1.147500E-06,+48.169108867645E+00
+1.150000E-06,+48.169108867645E+00
+1.152500E-06,+48.715842545033E+00
+1.155000E-06,+48.169108867678E+00
+1.157500E-06,+48.715842545065E+00
+1.160000E-06,+48.715842545000E+00
+1.162500E-06,+48.715842545033E+00
+1.165000E-06,+48.715842545033E+00
+1.167500E-06,+48.715842545033E+00
+1.170000E-06,+48.715842545033E+00
+1.172500E-06,+48.715842545033E+00
+1.175000E-06,+48.715842545065E+00
+1.177500E-06,+48.169108867678E+00
+1.180000E-06,+49.262576222354E+00
+1.182500E-06,+48.715842545033E+00
+1.185000E-06,+48.715842545033E+00
+1.187500E-06,+48.169108867678E+00
+1.190000E-06,+48.169108867645E+00
+1.192500E-06,+48.715842545033E+00
+1.195000E-06,+48.715842545033E+00
+1.197500E-06,+48.169108867645E+00
+1.200000E-06,+48.715842545033E+00
+1.202500E-06,+49.262576222387E+00
+1.205000E-06,+48.715842545033E+00
+1.207500E-06,+48.715842545033E+00
+1.210000E-06,+48.715842545033E+00
+1.212500E-06,+49.262576222387E+00
+1.215000E-06,+49.262576222387E+00
+1.217500E-06,+48.715842545033E+00
+1.220000E-06,+48.715842545033E+00
+1.222500E-06,+48.715842545033E+00
+1.225000E-06,+48.715842545033E+00
+1.227500E-06,+48.169108867612E+00
+1.230000E-06,+49.262576222387E+00
+1.232500E-06,+48.715842545033E+00
+1.235000E-06,+48.715842545033E+00
+1.237500E-06,+48.715842545000E+00
+1.240000E-06,+48.715842545033E+00
+1.242500E-06,+48.715842545033E+00
+1.245000E-06,+48.715842545033E+00
+1.247500E-06,+48.715842545033E+00
+1.250000E-06,+48.715842545033E+00
+1.252500E-06,+48.715842545066E+00
+1.255000E-06,+48.715842544999E+00
+1.257500E-06,+48.715842545033E+00
+1.260000E-06,+49.262576222386E+00
+1.262500E-06,+48.715842545033E+00
+1.265000E-06,+48.715842545033E+00
+1.267500E-06,+48.715842545033E+00
+1.270000E-06,+48.715842545033E+00
+1.272500E-06,+48.715842545066E+00
+1.275000E-06,+48.715842545033E+00
+1.277500E-06,+49.262576222386E+00
+1.280000E-06,+49.262576222386E+00
+1.282500E-06,+49.262576222386E+00
+1.285000E-06,+48.715842545033E+00
+1.287500E-06,+48.715842545100E+00
+1.290000E-06,+49.262576222386E+00
+1.292500E-06,+49.262576222420E+00
+1.295000E-06,+49.262576222386E+00
+1.297500E-06,+48.715842545033E+00
+1.300000E-06,+49.262576222352E+00
+1.302500E-06,+48.715842545033E+00
+1.305000E-06,+48.715842545033E+00
+1.307500E-06,+49.809309899739E+00
+1.310000E-06,+48.715842545066E+00
+1.312500E-06,+49.262576222386E+00
+1.315000E-06,+48.715842545066E+00
+1.317500E-06,+48.715842545066E+00
+1.320000E-06,+48.715842545033E+00
+1.322500E-06,+49.262576222420E+00
+1.325000E-06,+49.262576222420E+00
+1.327500E-06,+49.262576222420E+00
+1.330000E-06,+48.715842545033E+00
+1.332500E-06,+49.262576222420E+00
+1.335000E-06,+49.809309899739E+00
+1.337500E-06,+49.262576222420E+00
+1.340000E-06,+49.262576222420E+00
+1.342500E-06,+48.715842545033E+00
+1.345000E-06,+48.715842545067E+00
+1.347500E-06,+49.262576222385E+00
+1.350000E-06,+48.715842545033E+00
+1.352500E-06,+49.262576222385E+00
+1.355000E-06,+48.715842545067E+00
+1.357500E-06,+49.262576222420E+00
+1.360000E-06,+48.715842545033E+00
+1.362500E-06,+49.262576222420E+00
+1.365000E-06,+49.262576222385E+00
+1.367500E-06,+49.262576222385E+00
+1.370000E-06,+49.262576222420E+00
+1.372500E-06,+49.262576222420E+00
+1.375000E-06,+49.262576222385E+00
+1.377500E-06,+49.262576222385E+00
+1.380000E-06,+48.715842545067E+00
+1.382500E-06,+49.262576222420E+00
+1.385000E-06,+48.715842545067E+00
+1.387500E-06,+49.262576222420E+00
+1.390000E-06,+48.715842545033E+00
+1.392500E-06,+49.262576222385E+00
+1.395000E-06,+49.262576222455E+00
+1.397500E-06,+49.262576222420E+00
+1.400000E-06,+49.262576222420E+00
+1.402500E-06,+49.262576222385E+00
+1.405000E-06,+49.262576222420E+00
+1.407500E-06,+49.262576222420E+00
+1.410000E-06,+49.262576222420E+00
+1.412500E-06,+49.262576222420E+00
+1.415000E-06,+49.262576222420E+00
+1.417500E-06,+49.262576222420E+00
+1.420000E-06,+49.809309899772E+00
+1.422500E-06,+49.262576222385E+00
+1.425000E-06,+49.809309899772E+00
+1.427500E-06,+49.262576222385E+00
+1.430000E-06,+49.262576222420E+00
+1.432500E-06,+49.262576222420E+00
+1.435000E-06,+49.262576222420E+00
+1.437500E-06,+49.262576222420E+00
+1.440000E-06,+49.262576222420E+00
+1.442500E-06,+49.262576222420E+00
+1.445000E-06,+49.262576222420E+00
+1.447500E-06,+49.262576222455E+00
+1.450000E-06,+48.715842545068E+00
+1.452500E-06,+48.715842545068E+00
+1.455000E-06,+49.809309899772E+00
+1.457500E-06,+48.715842545068E+00
+1.460000E-06,+48.715842545068E+00
+1.462500E-06,+48.715842545033E+00
+1.465000E-06,+48.715842545033E+00
+1.467500E-06,+48.715842545068E+00
+1.470000E-06,+49.262576222420E+00
+1.472500E-06,+49.809309899771E+00
+1.475000E-06,+48.715842545104E+00
+1.477500E-06,+49.262576222456E+00
+1.480000E-06,+49.262576222420E+00
+1.482500E-06,+49.809309899771E+00
+1.485000E-06,+49.262576222420E+00
+1.487500E-06,+49.262576222456E+00
+1.490000E-06,+49.809309899807E+00
+1.492500E-06,+49.809309899807E+00
+1.495000E-06,+49.809309899771E+00
+1.497500E-06,+49.809309899771E+00
+1.500000E-06,+49.262576222420E+00
+1.502500E-06,+49.809309899771E+00
+1.505000E-06,+49.809309899807E+00
+1.507500E-06,+49.262576222420E+00
+1.510000E-06,+49.262576222420E+00
+1.512500E-06,+49.262576222420E+00
+1.515000E-06,+49.262576222420E+00
+1.517500E-06,+49.809309899771E+00
+1.520000E-06,+49.262576222420E+00
+1.522500E-06,+49.262576222420E+00
+1.525000E-06,+49.262576222456E+00
+1.527500E-06,+49.262576222456E+00
+1.530000E-06,+48.715842545068E+00
+1.532500E-06,+49.262576222420E+00
+1.535000E-06,+49.809309899771E+00
+1.537500E-06,+49.262576222420E+00
+1.540000E-06,+49.262576222420E+00
+1.542500E-06,+49.262576222420E+00
+1.545000E-06,+49.262576222420E+00
+1.547500E-06,+49.262576222420E+00
+1.550000E-06,+49.262576222420E+00
+1.552500E-06,+49.262576222456E+00
+1.555000E-06,+49.262576222420E+00
+1.557500E-06,+49.809309899770E+00
+1.560000E-06,+49.262576222383E+00
+1.562500E-06,+49.262576222420E+00
+1.565000E-06,+49.262576222420E+00
+1.567500E-06,+49.262576222457E+00
+1.570000E-06,+49.262576222420E+00
+1.572500E-06,+49.809309899807E+00
+1.575000E-06,+49.262576222420E+00
+1.577500E-06,+49.262576222420E+00
+1.580000E-06,+49.262576222457E+00
+1.582500E-06,+49.809309899770E+00
+1.585000E-06,+49.809309899770E+00
+1.587500E-06,+49.262576222420E+00
+1.590000E-06,+49.262576222420E+00
+1.592500E-06,+49.262576222420E+00
+1.595000E-06,+49.262576222457E+00
+1.597500E-06,+49.262576222420E+00
+1.600000E-06,+49.809309899770E+00
+1.602500E-06,+49.809309899770E+00
+1.605000E-06,+49.809309899807E+00
+1.607500E-06,+49.262576222457E+00
+1.610000E-06,+49.262576222457E+00
+1.612500E-06,+49.262576222457E+00
+1.615000E-06,+50.356043577157E+00
+1.617500E-06,+49.809309899807E+00
+1.620000E-06,+49.809309899807E+00
+1.622500E-06,+50.356043577157E+00
+1.625000E-06,+49.809309899770E+00
+1.627500E-06,+49.809309899770E+00
+1.630000E-06,+49.262576222458E+00
+1.632500E-06,+49.262576222458E+00
+1.635000E-06,+49.262576222458E+00
+1.637500E-06,+49.262576222458E+00
+1.640000E-06,+49.262576222420E+00
+1.642500E-06,+49.809309899769E+00
+1.645000E-06,+49.262576222458E+00
+1.647500E-06,+49.262576222420E+00
+1.650000E-06,+49.809309899769E+00
+1.652500E-06,+49.262576222458E+00
+1.655000E-06,+49.809309899769E+00
+1.657500E-06,+49.809309899769E+00
+1.660000E-06,+49.262576222420E+00
+1.662500E-06,+49.262576222420E+00
+1.665000E-06,+49.809309899769E+00
+1.667500E-06,+49.262576222420E+00
+1.670000E-06,+49.262576222420E+00
+1.672500E-06,+49.262576222458E+00
+1.675000E-06,+49.262576222458E+00
+1.677500E-06,+49.809309899769E+00
+1.680000E-06,+49.262576222420E+00
+1.682500E-06,+49.809309899769E+00
+1.685000E-06,+49.262576222458E+00
+1.687500E-06,+49.262576222420E+00
+1.690000E-06,+49.809309899807E+00
+1.692500E-06,+49.809309899807E+00
+1.695000E-06,+49.809309899769E+00
+1.697500E-06,+49.809309899807E+00
+1.700000E-06,+49.809309899807E+00
+1.702500E-06,+49.809309899769E+00
+1.705000E-06,+49.262576222458E+00
+1.707500E-06,+49.262576222420E+00
+1.710000E-06,+49.262576222420E+00
+1.712500E-06,+49.809309899807E+00
+1.715000E-06,+48.715842545070E+00
+1.717500E-06,+49.809309899769E+00
+1.720000E-06,+49.262576222420E+00
+1.722500E-06,+49.809309899769E+00
+1.725000E-06,+49.262576222458E+00
+1.727500E-06,+49.262576222458E+00
+1.730000E-06,+49.262576222458E+00
+1.732500E-06,+49.809309899807E+00
+1.735000E-06,+49.809309899731E+00
+1.737500E-06,+49.809309899807E+00
+1.740000E-06,+49.262576222420E+00
+1.742500E-06,+49.809309899769E+00
+1.745000E-06,+49.262576222420E+00
+1.747500E-06,+49.262576222420E+00
+1.750000E-06,+49.809309899807E+00
+1.752500E-06,+49.262576222420E+00
+1.755000E-06,+49.262576222459E+00
+1.757500E-06,+49.809309899807E+00
+1.760000E-06,+49.809309899768E+00
+1.762500E-06,+49.809309899807E+00
+1.765000E-06,+49.809309899768E+00
+1.767500E-06,+49.809309899807E+00
+1.770000E-06,+49.262576222459E+00
+1.772500E-06,+49.809309899807E+00
+1.775000E-06,+49.809309899807E+00
+1.777500E-06,+49.809309899807E+00
+1.780000E-06,+49.809309899768E+00
+1.782500E-06,+49.262576222420E+00
+1.785000E-06,+49.262576222459E+00
+1.787500E-06,+49.262576222420E+00
+1.790000E-06,+49.262576222459E+00
+1.792500E-06,+50.356043577194E+00
+1.795000E-06,+49.809309899807E+00
+1.797500E-06,+49.809309899768E+00
+1.800000E-06,+49.809309899768E+00
+1.802500E-06,+49.809309899807E+00
+1.805000E-06,+49.262576222420E+00
+1.807500E-06,+49.262576222459E+00
+1.810000E-06,+49.809309899846E+00
+1.812500E-06,+50.356043577155E+00
+1.815000E-06,+49.809309899807E+00
+1.817500E-06,+49.809309899807E+00
+1.820000E-06,+49.809309899807E+00
+1.822500E-06,+50.356043577154E+00
+1.825000E-06,+49.809309899807E+00
+1.827500E-06,+49.809309899807E+00
+1.830000E-06,+49.809309899807E+00
+1.832500E-06,+49.809309899807E+00
+1.835000E-06,+49.809309899807E+00
+1.837500E-06,+50.356043577154E+00
+1.840000E-06,+49.809309899807E+00
+1.842500E-06,+49.809309899767E+00
+1.845000E-06,+49.809309899767E+00
+1.847500E-06,+49.809309899807E+00
+1.850000E-06,+49.809309899807E+00
+1.852500E-06,+49.809309899807E+00
+1.855000E-06,+49.809309899807E+00
+1.857500E-06,+49.809309899807E+00
+1.860000E-06,+49.809309899807E+00
+1.862500E-06,+49.262576222460E+00
+1.865000E-06,+49.262576222460E+00
+1.867500E-06,+49.809309899807E+00
+1.870000E-06,+49.809309899807E+00
+1.872500E-06,+50.356043577154E+00
+1.875000E-06,+49.809309899847E+00
+1.877500E-06,+49.809309899807E+00
+1.880000E-06,+49.262576222420E+00
+1.882500E-06,+49.262576222420E+00
+1.885000E-06,+49.809309899767E+00
+1.887500E-06,+49.809309899807E+00
+1.890000E-06,+49.809309899807E+00
+1.892500E-06,+49.809309899807E+00
+1.895000E-06,+49.809309899767E+00
+1.897500E-06,+49.809309899767E+00
+1.900000E-06,+49.809309899807E+00
+1.902500E-06,+49.809309899807E+00
+1.905000E-06,+49.809309899807E+00
+1.907500E-06,+49.809309899807E+00
+1.910000E-06,+49.809309899807E+00
+1.912500E-06,+49.809309899807E+00
+1.915000E-06,+49.262576222460E+00
+1.917500E-06,+49.809309899807E+00
+1.920000E-06,+49.809309899767E+00
+1.922500E-06,+49.809309899807E+00
+1.925000E-06,+49.262576222460E+00
+1.927500E-06,+49.809309899807E+00
+1.930000E-06,+49.262576222460E+00
+1.932500E-06,+49.809309899807E+00
+1.935000E-06,+50.356043577194E+00
+1.937500E-06,+50.356043577154E+00
+1.940000E-06,+49.809309899807E+00
+1.942500E-06,+49.262576222461E+00
+1.945000E-06,+49.809309899807E+00
+1.947500E-06,+49.809309899807E+00
+1.950000E-06,+49.809309899807E+00
+1.952500E-06,+49.809309899807E+00
+1.955000E-06,+49.262576222461E+00
+1.957500E-06,+50.356043577153E+00
+1.960000E-06,+50.356043577153E+00
+1.962500E-06,+49.809309899807E+00
+1.965000E-06,+49.809309899807E+00
+1.967500E-06,+49.262576222461E+00
+1.970000E-06,+49.809309899807E+00
+1.972500E-06,+49.809309899807E+00
+1.975000E-06,+49.809309899807E+00
+1.977500E-06,+49.809309899807E+00
+1.980000E-06,+49.809309899807E+00
+1.982500E-06,+49.809309899807E+00
+1.985000E-06,+49.809309899848E+00
+1.987500E-06,+49.809309899807E+00
+1.990000E-06,+49.262576222461E+00
+1.992500E-06,+49.809309899848E+00
+1.995000E-06,+49.809309899807E+00
+1.997500E-06,+49.809309899807E+00
+2.000000E-06,+49.809309899766E+00
+2.002500E-06,+50.356043577153E+00
+2.005000E-06,+49.809309899766E+00
+2.007500E-06,+49.262576222461E+00
+2.010000E-06,+49.809309899807E+00
+2.012500E-06,+49.809309899807E+00
+2.015000E-06,+49.809309899807E+00
+2.017500E-06,+49.262576222462E+00
+2.020000E-06,+49.809309899807E+00
+2.022500E-06,+49.262576222462E+00
+2.025000E-06,+49.809309899807E+00
+2.027500E-06,+49.809309899807E+00
+2.030000E-06,+49.809309899807E+00
+2.032500E-06,+50.356043577152E+00
+2.035000E-06,+49.262576222462E+00
+2.037500E-06,+50.356043577152E+00
+2.040000E-06,+49.809309899807E+00
+2.042500E-06,+50.356043577111E+00
+2.045000E-06,+49.262576222420E+00
+2.047500E-06,+49.809309899807E+00
+2.050000E-06,+49.809309899807E+00
+2.052500E-06,+49.809309899807E+00
+2.055000E-06,+49.809309899849E+00
+2.057500E-06,+49.262576222420E+00
+2.060000E-06,+49.809309899807E+00
+2.062500E-06,+50.356043577152E+00
+2.065000E-06,+50.356043577152E+00
+2.067500E-06,+49.809309899807E+00
+2.070000E-06,+49.809309899807E+00
+2.072500E-06,+49.809309899849E+00
+2.075000E-06,+49.809309899891E+00
+2.077500E-06,+49.809309899807E+00
+2.080000E-06,+50.356043577194E+00
+2.082500E-06,+50.356043577152E+00
+2.085000E-06,+50.356043577194E+00
+2.087500E-06,+49.809309899849E+00
+2.090000E-06,+50.356043577152E+00
+2.092500E-06,+50.356043577194E+00
+2.095000E-06,+50.902777254540E+00
+2.097500E-06,+50.356043577152E+00
+2.100000E-06,+50.356043577152E+00
+2.102500E-06,+50.356043577194E+00
+2.105000E-06,+49.809309899807E+00
+2.107500E-06,+49.262576222420E+00
+2.110000E-06,+49.809309899807E+00
+2.112500E-06,+50.356043577152E+00
+2.115000E-06,+49.262576222503E+00
+2.117500E-06,+49.809309899807E+00
+2.120000E-06,+49.809309899807E+00
+2.122500E-06,+50.356043577194E+00
+2.125000E-06,+50.356043577194E+00
+2.127500E-06,+49.809309899849E+00
+2.130000E-06,+49.809309899807E+00
+2.132500E-06,+49.809309899807E+00
+2.135000E-06,+49.809309899849E+00
+2.137500E-06,+49.809309899807E+00
+2.140000E-06,+49.809309899849E+00
+2.142500E-06,+49.262576222462E+00
+2.145000E-06,+49.809309899765E+00
+2.147500E-06,+49.809309899807E+00
+2.150000E-06,+49.809309899764E+00
+2.152500E-06,+49.809309899807E+00
+2.155000E-06,+49.809309899807E+00
+2.157500E-06,+50.356043577152E+00
+2.160000E-06,+49.809309899807E+00
+2.162500E-06,+49.809309899807E+00
+2.165000E-06,+49.809309899807E+00
+2.167500E-06,+49.809309899807E+00
+2.170000E-06,+49.809309899807E+00
+2.172500E-06,+49.809309899807E+00
+2.175000E-06,+49.809309899807E+00
+2.177500E-06,+49.809309899807E+00
+2.180000E-06,+49.809309899807E+00
+2.182500E-06,+49.809309899807E+00
+2.185000E-06,+49.809309899807E+00
+2.187500E-06,+49.809309899807E+00
+2.190000E-06,+49.809309899807E+00
+2.192500E-06,+50.356043577152E+00
+2.195000E-06,+49.809309899807E+00
+2.197500E-06,+49.809309899807E+00
+2.200000E-06,+49.809309899807E+00
+2.202500E-06,+50.356043577194E+00
+2.205000E-06,+50.356043577194E+00
+2.207500E-06,+50.356043577151E+00
+2.210000E-06,+50.356043577151E+00
+2.212500E-06,+49.809309899851E+00
+2.215000E-06,+49.809309899851E+00
+2.217500E-06,+49.809309899807E+00
+2.220000E-06,+49.262576222420E+00
+2.222500E-06,+49.809309899763E+00
+2.225000E-06,+49.809309899807E+00
+2.227500E-06,+49.809309899807E+00
+2.230000E-06,+49.809309899807E+00
+2.232500E-06,+49.262576222464E+00
+2.235000E-06,+49.262576222420E+00
+2.237500E-06,+49.262576222420E+00
+2.240000E-06,+49.809309899807E+00
+2.242500E-06,+49.809309899807E+00
+2.245000E-06,+49.809309899763E+00
+2.247500E-06,+49.809309899851E+00
+2.250000E-06,+49.809309899807E+00
+2.252500E-06,+49.809309899807E+00
+2.255000E-06,+49.809309899807E+00
+2.257500E-06,+50.356043577151E+00
+2.260000E-06,+49.809309899807E+00
+2.262500E-06,+50.356043577151E+00
+2.265000E-06,+49.809309899851E+00
+2.267500E-06,+49.809309899807E+00
+2.270000E-06,+49.809309899851E+00
+2.272500E-06,+49.809309899807E+00
+2.275000E-06,+49.262576222464E+00
+2.277500E-06,+49.809309899807E+00
+2.280000E-06,+49.809309899763E+00
+2.282500E-06,+49.262576222420E+00
+2.285000E-06,+49.809309899807E+00
+2.287500E-06,+49.809309899807E+00
+2.290000E-06,+50.356043577194E+00
+2.292500E-06,+49.809309899807E+00
+2.295000E-06,+49.809309899807E+00
+2.297500E-06,+49.809309899807E+00
+2.300000E-06,+49.809309899807E+00
+2.302500E-06,+50.356043577151E+00
+2.305000E-06,+49.809309899807E+00
+2.307500E-06,+49.809309899807E+00
+2.310000E-06,+49.809309899851E+00
+2.312500E-06,+49.809309899851E+00
+2.315000E-06,+49.809309899851E+00
+2.317500E-06,+50.356043577151E+00
+2.320000E-06,+50.356043577151E+00
+2.322500E-06,+50.356043577151E+00
+2.325000E-06,+50.356043577151E+00
+2.327500E-06,+49.262576222507E+00
+2.330000E-06,+49.809309899763E+00
+2.332500E-06,+49.809309899807E+00
+2.335000E-06,+50.356043577151E+00
+2.337500E-06,+49.809309899807E+00
+2.340000E-06,+50.356043577194E+00
+2.342500E-06,+50.356043577150E+00
+2.345000E-06,+49.809309899807E+00
+2.347500E-06,+50.356043577150E+00
+2.350000E-06,+49.809309899762E+00
+2.352500E-06,+49.809309899807E+00
+2.355000E-06,+49.809309899852E+00
+2.357500E-06,+50.356043577194E+00
+2.360000E-06,+50.356043577150E+00
+2.362500E-06,+50.356043577150E+00
+2.365000E-06,+50.356043577194E+00
+2.367500E-06,+49.262576222509E+00
+2.370000E-06,+49.809309899807E+00
+2.372500E-06,+50.356043577194E+00
+2.375000E-06,+49.809309899762E+00
+2.377500E-06,+50.356043577150E+00
+2.380000E-06,+49.809309899807E+00
+2.382500E-06,+49.262576222420E+00
+2.385000E-06,+49.809309899807E+00
+2.387500E-06,+49.809309899807E+00
+2.390000E-06,+49.262576222466E+00
+2.392500E-06,+49.809309899807E+00
+2.395000E-06,+49.809309899807E+00
+2.397500E-06,+49.809309899807E+00
+2.400000E-06,+49.809309899807E+00
+2.402500E-06,+50.356043577149E+00
+2.405000E-06,+49.809309899807E+00
+2.407500E-06,+50.356043577149E+00
+2.410000E-06,+49.809309899807E+00
+2.412500E-06,+49.809309899807E+00
+2.415000E-06,+49.809309899853E+00
+2.417500E-06,+50.356043577149E+00
+2.420000E-06,+49.809309899807E+00
+2.422500E-06,+50.356043577149E+00
+2.425000E-06,+49.809309899807E+00
+2.427500E-06,+49.809309899853E+00
+2.430000E-06,+49.809309899807E+00
+2.432500E-06,+49.809309899807E+00
+2.435000E-06,+49.809309899853E+00
+2.437500E-06,+49.809309899807E+00
+2.440000E-06,+50.356043577194E+00
+2.442500E-06,+49.809309899761E+00
+2.445000E-06,+50.356043577149E+00
+2.447500E-06,+49.809309899807E+00
+2.450000E-06,+49.809309899807E+00
+2.452500E-06,+49.809309899807E+00
+2.455000E-06,+50.356043577194E+00
+2.457500E-06,+49.809309899807E+00
+2.460000E-06,+49.809309899807E+00
+2.462500E-06,+49.809309899807E+00
+2.465000E-06,+49.809309899807E+00
+2.467500E-06,+49.809309899807E+00
+2.470000E-06,+49.809309899807E+00
+2.472500E-06,+49.809309899807E+00
+2.475000E-06,+49.809309899853E+00
+2.477500E-06,+50.356043577149E+00
+2.480000E-06,+49.809309899807E+00
+2.482500E-06,+49.809309899807E+00
+2.485000E-06,+49.809309899807E+00
+2.487500E-06,+49.809309899807E+00
+2.490000E-06,+49.809309899807E+00
+2.492500E-06,+49.809309899807E+00
+2.495000E-06,+49.809309899807E+00
+2.497500E-06,+49.809309899807E+00
